bci,sequence,uid,well,stype
1,CATCATCC,pbs_1327,A1,R
2,CTGCTTTG,pbs_1148,A2,R
3,TGAGTTCG,pbs_1601,A3,R
4,GCTTATAG,pbs_1166,A4,R
5,TCTGATCC,pbs_1371,A5,R
6,TCTCTTGG,pbs_1370,A6,R
7,CAATTTCC,pbs_1326,A7,R
8,AGTCTCTT,pbs_1312,A8,R
9,TGCTGCTC,pbs_1377,A9,R
10,GTATTTCC,pbs_1346,A10,R
11,TTCCTGTG,pbs_1388,A11,R
12,TCTGGCTC,pbs_1372,A12,R
13,TATGTGTC,pbs_1362,B1,R
14,CAATTCTC,pbs_1301,B2,R
15,TGGTCTCC,pbs_1380,B3,R
16,GCTCTTTA,pbs_1344,B4,R
17,GCTGCATG,pbs_1159,B5,R
18,ACTCATTT,pbs_1310,B6,R
19,AGTCTTGG,pbs_1313,B7,R
20,GGTTCTTC,pbs_1181,B8,R
21,TCATGTTG,pbs_1367,B9,R
22,ATTTTGCC,pbs_1324,B10,R
23,CTTCTGTA,pbs_1339,B11,R
24,GTCCATCT,pbs_1348,B12,R
25,GCTATCTC,pbs_1304,C1,R
26,TAGTTTCC,pbs_1359,C2,R
27,TCCATTAT,pbs_1368,C3,R
28,AGGATTAA,pbs_1175,C4,R
29,AATCTTTC,pbs_1309,C5,R
30,GTCATATG,pbs_1160,C6,R
31,GTGCTTCC,pbs_1351,C7,R
32,ATGTGTTG,pbs_1319,C8,R
33,GCATCTTG,pbs_1413,C9,R
34,TACTGTCT,pbs_1357,C10,R
35,TTCATCGC,pbs_1173,C11,R
36,ACTGTGGG,pbs_1311,C12,R
37,TCTGTGCC,pbs_1373,D1,R
38,TCAATCTC,pbs_1364,D2,R
39,GTCCTCTG,pbs_1349,D3,R
40,TTACATTC,pbs_1386,D4,R
41,ATTCTGTC,pbs_1322,D5,R
42,TGTGTATG,pbs_1383,D6,R
43,TCCATTTG,pbs_1369,D7,R
44,TTAGCTTC,pbs_1387,D8,R
45,GTGCTTGA,pbs_1352,D9,R
46,GTTTGTGA,pbs_1179,D10,R
47,GAAATTAG,pbs_1174,D11,R
48,GCAAATTC,pbs_1182,D12,R
49,TTACCGCC,pbs_1602,E1,R
50,TCTGTCTG,pbs_1417,E2,R
51,GTGGGTTC,pbs_1185,E3,R
52,TTTGCATC,pbs_1394,E4,R
53,CATTTGCT,pbs_1603,E5,R
54,GTGCCTTC,pbs_1350,E6,R
55,ATGTTTCC,pbs_1320,E7,R
56,CTTAATTC,pbs_1338,E8,R
57,GTGTGTGT,pbs_1355,E9,R
58,CATCATTT,pbs_1328,E10,R
59,GTTGTCTC,pbs_1397,E11,R
60,ATCTTCTG,pbs_1316,E12,R
61,TGTTTGCC,pbs_1385,F1,R
62,TTCTGTCA,pbs_1389,F2,R
63,ACGGACTC,pbs_1152,F3,R
64,TTTGGTCA,pbs_1395,F4,R
65,TATCCGGG,pbs_1188,F5,R
66,TGTCATTC,pbs_1381,F6,R
67,CTGTCTGC,pbs_1302,F7,R
68,TGGCTTCC,pbs_1379,F8,R
69,TTGTTGCC,pbs_1393,F9,R
70,GTCATCTC,pbs_1347,F10,R
71,TTGCTCAT,pbs_1391,F11,R
72,ATTCTCTG,pbs_1321,F12,R
73,TATATTCC,pbs_1360,G1,R
74,ATATTGGC,pbs_1161,G2,R
75,GTGTCCTC,pbs_1353,G3,R
76,ATCTTCAT,pbs_1315,G4,R
77,CGTGGTTG,pbs_1190,G5,R
78,TTGCATCC,pbs_1390,G6,R
79,TCTTAATC,pbs_1177,G7,R
80,TGCATTTC,pbs_1375,G8,R
81,GATGTTTC,pbs_1341,G9,R
82,ATCTTGTC,pbs_1317,G10,R
83,TCATATTC,pbs_1365,G11,R
84,TGGCCTCT,pbs_1378,G12,R
85,CGTTGTCT,pbs_1335,H1,R
86,TCTTGTCA,pbs_1374,H2,R
87,TATTCCTG,pbs_1363,H3,R
88,TCCATGTC,pbs_1306,H4,R
89,TTGTCATC,pbs_1392,H5,R
90,ATTTCCTG,pbs_1323,H6,R
91,GTGTCTCC,pbs_1354,H7,R
92,GCTGCTTC,pbs_1345,H8,R
93,TATGCTTC,pbs_1361,H9,R
94,TTTACTCT,pbs_1604,H10,R
95,GAATAATG,pbs_1164,H11,R
96,ACTCTGTG,pbs_1405,H12,R
97,CATTCCTA,pbs_1239,A1,T
98,CTTCATCA,pbs_1205,A2,T
99,CGTATATC,pbs_1410,A3,T
100,ACATTTAC,pbs_1211,A4,T
101,ACTTAGCT,pbs_1218,A5,T
102,GCAATTCT,pbs_1412,A6,T
103,GCCTATCT,pbs_1273,A7,T
104,ATGCTGCT,pbs_1227,A8,T
105,CATTTACA,pbs_1242,A9,T
106,ACTCGTAA,pbs_1100,A10,T
107,TCTTAGCA,pbs_1419,A11,T
108,ATGCACTT,pbs_1407,A12,T
109,ATTTGGCA,pbs_1231,B1,T
110,TTATTCTG,pbs_1118,B2,T
111,TCATGCTC,pbs_1285,B3,T
112,CATACTTC,pbs_1202,B4,T
113,TCGTTCTA,pbs_1416,B5,T
114,GCTTCATA,pbs_1279,B6,T
115,CTCTGTGC,pbs_1204,B7,T
116,TCCTTATA,pbs_1415,B8,T
117,ACTGCTCT,pbs_1200,B9,T
118,CTCTAATC,pbs_1257,B10,T
119,ACGCTTGC,pbs_1404,B11,T
120,ATCTTAGG,pbs_1224,B12,T
121,CATGTCTC,pbs_1238,C1,T
122,TCATTGCA,pbs_1288,C2,T
123,ACACCTTT,pbs_1209,C3,T
124,AATTTCTC,pbs_1115,C4,T
125,ATTCATGG,pbs_1108,C5,T
126,ACTTTACC,pbs_1220,C6,T
127,CTTCTAAC,pbs_1267,C7,T
128,CTATTTCA,pbs_1145,C8,T
129,TCTCATGC,pbs_1292,C9,T
130,ATCCTTAC,pbs_1223,C10,T
131,TAAATATC,pbs_1125,C11,T
132,TTACCTGC,pbs_1295,C12,T
133,CACTTTCA,pbs_1236,D1,T
134,CACCTTTA,pbs_1233,D2,T
135,CTGACTTC,pbs_1261,D3,T
136,CATTTGGA,pbs_1141,D4,T
137,GCTCTACT,pbs_1277,D5,T
138,GTTACGTA,pbs_1144,D6,T
139,CATATTGC,pbs_1408,D7,T
140,CTATCATC,pbs_1203,D8,T
141,GCTATCAT,pbs_1276,D9,T
142,ACATTCAT,pbs_1210,D10,T
143,TTCGCTAC,pbs_1132,D11,T
144,CATTCTAC,pbs_1240,D12,T
145,CACTTATC,pbs_1234,E1,T
146,ATAAGCTC,pbs_1107,E2,T
147,TCATCCTG,pbs_1284,E3,T
148,CATGGTAT,pbs_1409,E4,T
149,TGGTATAC,pbs_1104,E5,T
150,TTGGGAGA,pbs_1123,E6,T
151,ACTTCATC,pbs_1201,E7,T
152,TCTCTAGC,pbs_1293,E8,T
153,ACTCCTGC,pbs_1215,E9,T
154,TCCAATTT,pbs_1414,E10,T
155,ACTATATA,pbs_1146,E11,T
156,CTCTATAC,pbs_1258,E12,T
157,CTGTCTCA,pbs_1263,F1,T
158,GACCTTTC,pbs_1138,F2,T
159,GATTTGGC,pbs_1271,F3,T
160,TAATTAGC,pbs_1600,F4,T
161,TACTCGAA,pbs_1140,F5,T
162,CAGCCTTT,pbs_1237,F6,T
163,AGTCATTA,pbs_1406,F7,T
164,CTTATACC,pbs_1264,F8,T
165,TCTATTAC,pbs_1106,F9,T
166,CTTGCATT,pbs_1411,F10,T
167,CAATCCTT,pbs_1232,F11,T
168,TTGTCTTA,pbs_1121,F12,T
169,TCACTTTA,pbs_1147,G1,T
170,TGCTTGGG,pbs_1124,G2,T
171,CGCTCATT,pbs_1256,G3,T
172,GCCTCTAT,pbs_1274,G4,T
173,GAGCACAA,pbs_1142,G5,T
174,CTCTTAAC,pbs_1260,G6,T
175,TCTAGGCT,pbs_1291,G7,T
176,AATTCTGC,pbs_1396,G8,T
177,CATTCTCA,pbs_1241,G9,T
178,ACTTGCCT,pbs_1219,G10,T
179,ATCATTGC,pbs_1222,G11,T
180,GTTCAACA,pbs_1119,G12,T
181,TGATTGTC,pbs_1420,H1,T
182,GACTTTGC,pbs_1269,H2,T
183,ATTGGCTC,pbs_1081,H3,T
184,GTGCTAGC,pbs_1127,H4,T
185,CTTTCAAC,pbs_1268,H5,T
186,ACTATTGC,pbs_1214,H6,T
187,ACTGGCTT,pbs_1216,H7,T
188,ATTAGGCT,pbs_1228,H8,T
189,GCCTTTCA,pbs_1275,H9,T
190,ATTCTAGG,pbs_1229,H10,T
191,TCTTACAT,pbs_1418,H11,T
192,ACATTTGG,pbs_1212,H12,T
193,TTCAACCT,pbs_b30,A2,X_ibh
194,CTACCAGT,pbs_b13,A4,X_ibh
195,ATCAACTT,pbs_b31,A6,X_ibh
196,GGAACCAT,pbs_b14,A7,X_ibh
197,GAGCGAAT,pbs_b15,A8,X_ibh
198,TATTATAT,pbs_b32,A11,X_ibh
199,GAATTCCA,pbs_b1,B9,X_ibh
200,AACGTGTA,pbs_b6,B10,X_ibh
201,ACGTAGAG,pbs_b42,B10,X_ibh
202,TACTACAT,pbs_b10,C1,RTX_ibh
203,GAGATTAT,pbs_b41,C6,X_ibh
204,AGCTAACT,pbs_b16,C9,X_ibh
205,ATTCTCAT,pbs_b17,C10,X_ibh
206,CAACACAT,pbs_b18,C12,X_ibh
207,CTGCAGAC,pbs_b7,D5,X_ibh
208,ATCGAAGT,pbs_b19,D5,X_ibh
209,TATATCCT,pbs_b33,D8,X_ibh
210,ATCATCCT,pbs_b34,D9,X_ibh
211,CAGCGACT,pbs_b20,E1,X_ibh
212,AAGTCGTT,pbs_b21,E2,X_ibh
213,CTTAACTT,pbs_b35,E5,X_ibh
214,TTATCAAT,pbs_b36,E7,X_ibh
215,AGATAATT,pbs_b11,E8,RTX_ibh
216,AGCCTAAT,pbs_b8,E12,X_ibh
217,TACCGCTT,pbs_b12,F4,RTX_ibh
218,CTAGATAT,pbs_b38,F6,X_ibh
219,GATGACCT,pbs_b44,G2,X_ibh
220,AAGGACTT,pbs_b22,G4,X_ibh
221,CACCAGAG,pbs_b45,G4,X_ibh
222,GTGTGCAG,pbs_b9,G6,X_ibh
223,ACGCGAAT,pbs_b23,G6,X_ibh
224,GCGCCAAT,pbs_b24,G8,X_ibh
225,GTTAGCAA,pbs_b3,G10,X_ibh
226,ACAACTGT,pbs_b25,G10,X_ibh
227,CTAATCAT,pbs_b26,G11,X_ibh
228,CACAACGT,pbs_b27,H2,X_ibh
229,GAGAGTAA,pbs_b4,H3,X_ibh
230,TGCTTACT,pbs_b28,H3,X_ibh
231,AATGATAT,pbs_b39,H4,X_ibh
232,ATTGGTAT,pbs_b29,H6,X_ibh
233,GATCCAAC,pbs_b5,H7,X_ibh
234,GCTGGACA,pbs_b46,H9,X_ibh
235,CTCACGTT,pbs_b40,H11,X_ibh
236,CCTATATC,pbs_b54,A3,X_ibm
237,GAAGTCTG,pbs_b78,A4,X_ibm
238,CCAATTCT,pbs_b49,A6,X_ibm
239,CCTTTGCA,pbs_b60,A11,X_ibm
240,ATGCCCTT,pbs_b48,A12,X_ibm
241,TTCACCAT,pbs_b88,B2,X_ibm
242,CCGTTCTA,pbs_b53,B5,X_ibm
243,GACGTCAA,pbs_b79,B7,X_ibm
244,CCCTTATA,pbs_b52,B8,X_ibm
245,ACCCTTGC,pbs_b47,B11,X_ibm
246,AGAGCACC,pbs_b66,C1,X_ibm
247,TAACCTCG,pbs_b85,C2,X_ibm
248,TTGTCCGG,pbs_b90,C3,X_ibm
249,GGTTAGTG,pbs_b84,D1,X_ibm
250,GGCAGAAG,pbs_b82,D4,X_ibm
251,CCTGTTGC,pbs_b58,D7,X_ibm
252,CCTTGAAG,pbs_b73,D7,X_ibm
253,CTACGCTA,pbs_b76,D12,X_ibm
254,GAACGAAC,pbs_b77,E3,X_ibm
255,CCTGGTAT,pbs_b57,E4,X_ibm
256,AAGTGGTC,pbs_b63,E4,X_ibm
257,CGGATACT,pbs_b75,E6,X_ibm
258,AGGACGGA,pbs_b68,E9,X_ibm
259,CCCAATTT,pbs_b51,E10,X_ibm
260,GGAGATGA,pbs_b81,F1,X_ibm
261,AGTGACTG,pbs_b69,F5,X_ibm
262,CCTCATTA,pbs_b55,F7,X_ibm
263,AAGCTAAC,pbs_b62,F7,X_ibm
264,CCTGCATT,pbs_b56,F10,X_ibm
265,AGAACAAG,pbs_b65,F12,X_ibm
266,TTGATATA,pbs_b89,F12,X_ibm
267,GGTGTCGA,pbs_b83,G2,X_ibm
268,ATTCCGGT,pbs_b72,G3,X_ibm
269,ATAGTATC,pbs_b71,G8,X_ibm
270,ATAACATA,pbs_b70,G12,X_ibm
271,CCATTTGC,pbs_b50,H1,X_ibm
272,TAATTGAT,pbs_b87,H1,X_ibm
273,ACTAGGTG,pbs_b64,H3,X_ibm
274,TAATGGTA,pbs_b86,H4,X_ibm
275,GGAACCTG,pbs_b80,H4,X_ibm
276,AGCTACAG,pbs_b67,H6,X_ibm
277,CGAGCAAT,pbs_b74,H8,X_ibm
278,CCTTACAT,pbs_b59,H11,X_ibm
279,CGTCTAGG,pbs_b61,F4,X_ibm_it
280,ATTGGAAG,pbs_t1a,A10,X_ith
281,GGTAACAG,pbs_t1b,B3,X_ith
282,GTCTCTGC,pbs_t1,D8,X_ith
283,GTCTGCTC,pbs_t2,D9,X_ith
284,TCATTCGC,pbs_t3,D11,X_ith
285,GTCCTTCA,pbs_t4,H3,X_ith
286,GTCAGCCT,pbs_t4a,H4,X_ith
287,TCATGTGC,pbs_t5,H7,X_ith
288,TCACTTGC,pbs_t6,H11,X_ith
289,CCGATGTT,pbs_t8,A4,X_itm
290,CCTTTAAC,pbs_ta3,A11,X_itm
291,CAGATCGT,pbs_t13,B1,X_itm
292,TATTTAAG,pbs_ta6,B7,X_itm
293,CTACGTTA,pbs_t14,E4,X_itm
294,CAATCTTC,pbs_t9,E5,X_itm
295,CGACATGG,pbs_t15,E6,X_itm
296,CACTTTAC,pbs_ta1,E6,X_itm
297,CCATATTT,pbs_ta2,G2,X_itm
298,TATAGTCG,pbs_ta5,G11,X_itm
299,CGAGTCGA,pbs_t16,H3,X_itm
300,CTCATTAC,pbs_t12,H4,X_itm
301,GTCCGTAG,pbs_ta4,H6,X_itm
302,CAGTGTCG,pbs_t17,H8,X_itm
